{"charErrorRates": [0.9124239070282236, 0.8047177642501383, 0.6551604869950194, 0.5128666297731046, 0.45344493635860544, 0.396513558384062, 0.3622717210846707, 0.3357083563918096, 0.32872163807415605, 0.32450193691200885, 0.30658550083010516, 0.2864554510237963, 0.27677089097952406, 0.26812396236856667, 0.27068345323741005, 0.26245157719977863, 0.25539568345323743, 0.25297454344216935, 0.25, 0.24833978970669618, 0.24529607083563917, 0.24633370226895407, 0.24031543995572774, 0.23657996679579413, 0.24066131710016603, 0.23976203652462647, 0.23332872163807417, 0.2369950193691201, 0.23706419479800775, 0.23464305478693967, 0.23159933591588266, 0.23222191477587162, 0.22606530160486996, 0.2297315993359159, 0.22482014388489208, 0.23000830105146652, 0.2199086884338683, 0.2285556170448257, 0.2291781959048146, 0.2234366353071389, 0.22018539014941893, 0.21817930271167682, 0.22571942446043167, 0.22053126729385722, 0.21859435528500276, 0.2241283895960155, 0.22032374100719423, 0.2291781959048146, 0.21603486441615938, 0.21292197011621472, 0.22066961815163255, 0.22163807415605977, 0.21776425013835085, 0.22903984504703928, 0.22018539014941893, 0.22267570558937466, 0.21728002213613726, 0.21610403984504703, 0.21174598782512452, 0.21741837299391256, 0.22239900387382402, 0.21631156613171001, 0.21900940785832873, 0.21776425013835085, 0.21485888212506918, 0.2146513558384062, 0.21942446043165467, 0.21693414499169894, 0.21624239070282236, 0.21907858328721638, 0.2156889872717211, 0.21188433868289983, 0.21492805755395683, 0.21458218040951854, 0.21824847814056447, 0.20946319867183177, 0.21368289983397898, 0.21202268954067516, 0.21596568898727173, 0.2124377421140011, 0.2097399003873824, 0.21333702268954066, 0.21472053126729385, 0.2136137244050913, 0.2143054786939679, 0.21416712783619257, 0.2112617598229109, 0.21015495296070835, 0.21257609297177643, 0.20911732152739346, 0.20994742667404537, 0.20635030437188712, 0.21084670724958496], "wordAccuracies": [0.0, 0.0, 0.0019828155981493722, 0.021810971579643092, 0.03965631196298744, 0.07204230006609386, 0.09253139458030403, 0.12359550561797752, 0.1394580304031725, 0.12623925974884337, 0.16060806345009915, 0.18638466622604097, 0.19563780568407138, 0.21414408460013218, 0.21480502313284863, 0.21216126900198282, 0.22273628552544614, 0.23727693324520818, 0.22736285525446134, 0.2280237937871778, 0.24586913417052214, 0.24851288830138796, 0.25512227362855255, 0.2637144745538665, 0.2604097818902842, 0.25710508922670194, 0.2723066754791804, 0.2683410442828817, 0.25974884335756776, 0.2683410442828817, 0.278916060806345, 0.2729676140118969, 0.2848645076007931, 0.29279576999339063, 0.2822207534699273, 0.2914738929279577, 0.3139458030403173, 0.2703238598810311, 0.28420356906807664, 0.29742233972240584, 0.30006609385327165, 0.3099801718440185, 0.3007270323859881, 0.3126239259748843, 0.3132848645076008, 0.29345670852610706, 0.29345670852610706, 0.2914738929279577, 0.30006609385327165, 0.3053536021150033, 0.30799735624586916, 0.3040317250495704, 0.29742233972240584, 0.30337078651685395, 0.3053536021150033, 0.3053536021150033, 0.30799735624586916, 0.3139458030403173, 0.30931923331130207, 0.325181758096497, 0.310641110376735, 0.3172504957038995, 0.3113020489094514, 0.3053536021150033, 0.3165895571711831, 0.30799735624586916, 0.3152676801057502, 0.3185723727693325, 0.3146067415730337, 0.3099801718440185, 0.3298083278255122, 0.33773959021810973, 0.3073364177131527, 0.3126239259748843, 0.32782551222736284, 0.3225380039656312, 0.325181758096497, 0.3119629874421679, 0.3165895571711831, 0.3212161269001983, 0.33443489755452743, 0.3225380039656312, 0.325181758096497, 0.3225380039656312, 0.3284864507600793, 0.3185723727693325, 0.3331130204890945, 0.3271645736946464, 0.3304692663582287, 0.33509583608724386, 0.3271645736946464, 0.3212161269001983, 0.3284864507600793]}